{
  "Paris": [
    48.866667,
    2.333333
  ],
  "Aix-en-Provence": [
    43.530048,
    5.447449
  ],
  "Ajaccio": [
    41.9263991,
    151.157507
  ],
  "Amiens": [
    49.8941708,
    2.2956951
  ],
  "Annecy": [
    45.8992348,
    6.1288847
  ],
  "Besançon": [
    47.2380222,
    6.0243622
  ],
  "Bordeaux": [
    44.841225,
    -0.5800364
  ],
  "Brest": [
    48.3905283,
    -4.4860088
  ],
  "Caen": [
    49.1828008,
    -0.3690815
  ],
  "Calais": [
    50.9488,
    1.87468
  ],
  "Clermont-Ferrand": [
    45.77971267700195,
    3.086094856262207
  ],
  "Dijon": [
    47.3215806,
    5.0414701
  ],
  "Le Havre": [
    49.4938975,
    0.1079732
  ],
  "Le Mans": [
    48.0073498,
    0.1967379
  ],
  "Lyon": [
    45.7578137,
    4.8320114
  ],
  "Marseille": [
    43.2961743,
    5.3699525
  ],
  "Metz": [
    49.1196964,
    6.1763552
  ],
  "Montpellier": [
    43.6112422,
    3.8767337
  ],
  "Nancy": [
    48.6937223,
    6.1834097
  ],
  "Nantes": [
    47.2186371,
    -1.5541362
  ],
  "Nice": [
    43.7009358,
    7.2683912
  ],
  "Nimes": [
    43.8374249,
    4.3600687
  ],
  "Perpignan": [
    42.6985304,
    2.8953121
  ],
  "Rennes": [
    48.1113387,
    -1.6800198
  ],
  "Saint-Etienne": [
    45.4401467,
    4.3873058
  ],
  "Toulon": [
    43.1257311,
    5.9304919
  ],
  "Toulouse": [
    43.6044622,
    1.4442469
  ]
}
